Therapeutic,HeavySequence,label,cdr3_aa,v_family
abelacimab,QVQLLESGGGLVQPGGSLRLSCAASGFTFSTAAMSWVRQAPGKGLEWVSGISGSGSSTYYADSVKGRFTISRDNSKNTLYLQMNSLRAEDTAVYYCARELSYLYSGYYFDYWGQGTLVTVSS,1,ARELSYLYSGYYFDY,IGHV3
adalimumab,EVQLVESGGGLVQPGRSLRLSCAASGFTFDDYAMHWVRQAPGKGLEWVSAITWNSGHIDYADSVEGRFTISRDNAKNSLYLQMNSLRAEDTAVYYCAKVSYLSTASSLDYWGQGTLVTVSS,1,AKVSYLSTASSLDY,IGHV3
afimkibart,QVQLVQSGAEVKKPGASVKVSCKASGYDFTYYGISWVRQAPGQGLEWMGWISTYNGNTHYARMLQGRVTMTTDTSTRTAYMELRSLRSDDTAVYYCARENYYGSGAYRGGMDVWGQGTTVTVSS,1,ARENYYGSGAYRGGMDV,IGHV1
alemtuzumab,QVQLQESGPGLVRPSQTLSLTCTVSGFTFTDFYMNWVRQPPGRGLEWIGFIRDKAKGYTTEYNPSVKGRVTMLVDTSKNQFSLRLSSVTAADTAVYYCAREGHTAAPFDYWGQGSLVTVSS,1,AREGHTAAPFDY,IGHV4
alirocumab,EVQLVESGGGLVQPGGSLRLSCAASGFTFNNYAMNWVRQAPGKGLDWVSTISGSGGTTNYADSVKGRFIISRDSSKHTLYLQMNSLRAEDTAVYYCAKDSNWGNFDLWGRGTLVTVSS,1,AKDSNWGNFDL,IGHV3
amlenetug,EVQLLESGGGLVQTGGSLRLSCAASGFTFSSYAMTWVRQAPGKGLEWVSAIRSQGDRTDYADSVKGRFTISRDNSQNTLYLQMNSLRAEDTAVYYCAKNWAPFDSWGQGTLVTVSS,1,AKNWAPFDS,IGHV3
amlitelimab,EVQLVESGGGLVQPGGSLRLSCAASGFTFSNYAMNWVRQAPGKGLEWVSTISGSGGATRYADSVKGRFTISRDNSRNTVYLQMNSLRVEDTAVFYCTKDRLIMATVRGPYYYGMDVWGQGTTVTVSS,1,TKDRLIMATVRGPYYYGMDV,IGHV3
anifrolumab,EVQLVQSGAEVKKPGESLKISCKGSGYIFTNYWIAWVRQMPGKGLESMGIIYPGDSDIRYSPSFQGQVTISADKSITTAYLQWSSLKASDTAMYYCARHDIEGFDYWGRGTLVTVSS,1,ARHDIEGFDY,IGHV5
ansuvimab,EVQLVESGGGLIQPGGSLRLSCAASGFALRMYDMHWVRQTIDKRLEWVSAVGPSGDTTYADSVKGRFAVSRENAKNSLSLQMNSLTAGDTAIYYCVRSDRGVAGLFDSWGQGILVTVSS,1,VRSDRGVAGLFDS,IGHV3
astegolimab,EVQLVQSGAEVKKPGESLKISCKGSGYSFTNYWIGWVRQMPGKGLEWMGIIYPGNSDTRFSPSFQGQVTISADKSITTAYLQWSSLKASDTAMYYCARHGTSSDYYGLDVWGQGTTVTVSS,1,ARHGTSSDYYGLDV,IGHV5
atezolizumab,EVQLVESGGGLVQPGGSLRLSCAASGFTFSDSWIHWVRQAPGKGLEWVAWISPYGGSTYYADSVKGRFTISADTSKNTAYLQMNSLRAEDTAVYYCARRHWPGGFDYWGQGTLVTVSS,1,ARRHWPGGFDY,IGHV3
atigotatug,EVQLVESGGGSVQPGESLRLSCVASGFTFSRYKMNWVRQAPGKGLEWVSYISRSGRDIYYADSVKGRFTISRDNAKNSLYLQMNSLRDEDTAVYYCAGTVTTYYYDFGMDVWGQGTTVTVSS,1,AGTVTTYYYDFGMDV,IGHV3
atisnolerbart,QVQLVQSGAEVKKPGASVKVSCKASGYTFISYNIFWVRQATGQGLDWMGWMNPFRNNAGYAQKFQGRVTVTWDTSISTAYMELSSLSSEDTAIYYCAREHGSSWGFFDYWGQGTLVTVSS,1,AREHGSSWGFFDY,IGHV1
avelumab,EVQLLESGGGLVQPGGSLRLSCAASGFTFSSYIMMWVRQAPGKGLEWVSSIYPSGGITFYADTVKGRFTISRDNSKNTLYLQMNSLRAEDTAVYYCARIKLGTVTTVDYWGQGTLVTVSS,1,ARIKLGTVTTVDY,IGHV3
balstilimab,QVQLVESGGGVVQPGRSLRLSCAASGFTFSSYGMHWVRQAPGKGLEWVAVIWYDGSNKYYADSVKGRFTISRDNSKNTLYLQMNSLRAEDTAVYYCASNGDHWGQGTLVTVSS,1,ASNGDH,IGHV3
bamlanivimab,QVQLVQSGAEVKKPGSSVKVSCKASGGTFSNYAISWVRQAPGQGLEWMGRIIPILGIANYAQKFQGRVTITADKSTSTAYMELSSLRSEDTAVYYCARGYYEARHYYYYYAMDVWGQGTAVTVSS,1,ARGYYEARHYYYYYAMDV,IGHV1
bebtelovimab,QITLKESGPTLVKPTQTLTLTCTFSGFSLSISGVGVGWLRQPPGKALEWLALIYWDDDKRYSPSLKSRLTISKDTSKNQVVLKMTNIDPVDTATYYCAHHSISTIFDHWGQGTLVTVSS,1,AHHSISTIFDH,IGHV2
becotatug,QVQLQESGPGLVKPSETLSLTCTVSGFSLSNYDVHWVRQAPGKGLEWLGVIWSGGNTDYNTPFTSRLTISVDTSKNQFSLKLSSVTAADTAVYYCARALDYYDYEFAYWGQGTLVTVSS,1,ARALDYYDYEFAY,IGHV4
belimumab,QVQLQQSGAEVKKPGSSVRVSCKASGGTFNNNAINWVRQAPGQGLEWMGGIIPMFGTAKYSQNFQGRVAITADESTGTASMELSSLRSEDTAVYYCARSRDLLLFPHHALSPWGRGTMVTVSS,1,ARSRDLLLFPHHALSP,IGHV1
belrestotug,QVQLVQSGAEVKKPGASVKVSCKASGYTFTSYYMHWVRQAPGQGLEWMGVIGPSGASTSYAQKFQGRVTLTRDTSTSTVYMELSSLRSEDTAVYYCARDHSDYWSGIMEVWGQGTTVTVSS,1,ARDHSDYWSGIMEV,IGHV1
bemarituzumab,QVQLVQSGAEVKKPGSSVKVSCKASGYIFTTYNVHWVRQAPGQGLEWIGSIYPDNGDTSYNQNFKGRATITADKSTSTAYMELSSLRSEDTAVYYCARGDFAYWGQGTLVTVSS,1,ARGDFAY,IGHV1
benmelstobart,QITLKESGPTLVKPTQTLTLTCTVSGFSLSTYGVHWIRQPPGKALEWLGVIWRGVTTDYNAAFMSRLTITKDNSKNQVVLTMNNMDPVDTATYYCARLGFYAMDYWGQGTLVTVSS,1,ARLGFYAMDY,IGHV2
benralizumab,EVQLVQSGAEVKKPGASVKVSCKASGYTFTSYVIHWVRQRPGQGLAWMGYINPYNDGTKYNERFKGKVTITSDRSTSTVYMELSSLRSEDTAVYLCGREGIRYYGLLGDYWGQGTLVTVSS,1,GREGIRYYGLLGDY,IGHV1
bentracimab,QVQLQESGAEVKKPGSSVRVSCKASGGTFDSYSIHWVRQAPGQGLEWMGGIIPAFGTLSSAQDFQARVTISADKSTSTAYMELSGLRSEDTAVYYCARGSFDYYFWSASHPPNDALAIWGQGTLVTVSS,1,ARGSFDYYFWSASHPPNDALAI,IGHV1
betinukibart,QVQLVQSGSELKKPGASVKVSCKASEYIFTNYGMNWVKQAPGQGFEWMGWIDTNTGEPTYAQGFTGRFVFSLDTSVSTAYLQISSLKAEDTATYYCANYGWGYFDYWGQGTTVTVSS,1,ANYGWGYFDY,IGHV7
bevacizumab,EVQLVESGGGLVQPGGSLRLSCAASGYTFTNYGMNWVRQAPGKGLEWVGWINTYTGEPTYAADFKRRFTFSLDTSKSTAYLQMNSLRAEDTAVYYCAKYPHYYGSSHWYFDVWGQGTLVTVSS,1,AKYPHYYGSSHWYFDV,IGHV3
bimekizumab,EVQLVESGGGLVQPGGSLRLSCAASGFTFSDYNMAWVRQAPGKGLEWVATITYEGRNTYYRDSVKGRFTISRDNAKNSLYLQMNSLRAEDTAVYYCASPPQYYEGSIYRLWFAHWGQGTLVTVSS,1,ASPPQYYEGSIYRLWFAH,IGHV3
bremzalerbart,QVQLQESGPGLVKPSETLSLTCSVSGGSITNYFWTWIRQSPGKGLEWIGYIYYSGGTNYNPSLKSRVTISIDTSKNQFSLNMNSVTAADTAVYYCAGSYYYGVDVWGQGTTVTVSS,1,AGSYYYGVDV,IGHV4
brodalumab,QVQLVQSGAEVKKPGASVKVSCKASGYTFTRYGISWVRQAPGQGLEWMGWISTYSGNTNYAQKLQGRVTMTTDTSTSTAYMELRSLRSDDTAVYYCARRQLYFDYWGQGTLVTVSS,1,ARRQLYFDY,IGHV1
burosumab,QVQLVQSGAEVKKPGASVKVSCKASGYTFTNHYMHWVRQAPGQGLEWMGIINPISGSTSNAQKFQGRVTMTRDTSTSTVYMELSSLRSEDTAVYYCARDIVDAFDFWGQGTMVTVSS,1,ARDIVDAFDF,IGHV1
camrelizumab,EVQLVESGGGLVQPGGSLRLSCAASGFTFSSYMMSWVRQAPGKGLEWVATISGGGANTYYPDSVKGRFTISRDNAKNSLYLQMNSLRAEDTAVYYCARQLYYFDYWGQGTTVTVSS,1,ARQLYYFDY,IGHV3
canakinumab,QVQLVESGGGVVQPGRSLRLSCAASGFTFSVYGMNWVRQAPGKGLEWVAIIWYDGDNQYYADSVKGRFTISRDNSKNTLYLQMNGLRAEDTAVYYCARDLRTGPFDYWGQGTLVTVSS,1,ARDLRTGPFDY,IGHV3
caxmotabart,EVQLVESGGGLVQPGGSLRLSCAASGFNIKDTYIHWVRQAPGKGLEWVARIYPTNGYTRYADSVKGRFTISADTSKNTAYLQMNSLRAEDTAVYYCSRWGGDGFYAMDYWGQGTLVTVSS,1,SRWGGDGFYAMDY,IGHV3
cemiplimab,EVQLLESGGVLVQPGGSLRLSCAASGFTFSNFGMTWVRQAPGKGLEWVSGISGGGRDTYFADSVKGRFTISRDNSKNTLYLQMNSLKGEDTAVYYCVKWGNIYFDYWGQGTLVTVSS,1,VKWGNIYFDY,IGHV3
cendakimab,EVTLRESGPGLVKPTQTLTLTCTLYGFSLSTSDMGVDWIRQPPGKGLEWLAHIWWDDVKRYNPALKSRLTISKDTSKNQVVLKLTSVDPVDTATYYCARTVSSGYIYYAMDYWGQGTLVTVSS,1,ARTVSSGYIYYAMDY,IGHV2
cetrelimab,QVQLVQSGAEVKKPGSSVKVSCKASGGTFSSYAISWVRQAPGQGLEWMGGIIPIFDTANYAQKFQGRVTITADESTSTAYMELSSLRSEDTAVYYCARPGLAAAYDTGSLDYWGQGTLVTVSS,1,ARPGLAAAYDTGSLDY,IGHV1
cilgavimab,EVQLVESGGGLVKPGGSLRLSCAASGFTFRDVWMSWVRQAPGKGLEWVGRIKSKIDGGTTDYAAPVKGRFTISRDDSKNTLYLQMNSLKTEDTAVYYCTTAGSYYYDTVGPGLPEGKFDYWGQGTLVTVSS,1,TTAGSYYYDTVGPGLPEGKFDY,IGHV3
clazakizumab,EVQLVESGGGLVQPGGSLRLSCAASGFSLSNYYVTWVRQAPGKGLEWVGIIYGSDETAYATSAIGRFTISRDNSKNTLYLQMNSLRAEDTAVYYCARDDSSDWDAKFNLWGQGTLVTVSS,1,ARDDSSDWDAKFNL,IGHV3
cobolimab,EVQLLESGGGLVQPGGSLRLSCAAASGFTFSSYDMSWVRQAPGKGLDWVSTISGGGTYTYYQDSVKGRFTISRDNSKNTLYLQMNSLRAEDTAVYYCASMDYWGQGTTVTVSS,1,ASMDY,IGHV3
comekibart,EVQLVESGGGLVQPGGSLRLSCAASGFTFSDYGMHWVRQAPGKGLEWVSYISSGSTTIYYADTVKGRFTISRDNAKNSLYLQMNSLRAEDTAVYYCARISTVVAKRYAMDYWGQGTLVTVSS,1,ARISTVVAKRYAMDY,IGHV3
concizumab,EVQLVESGGGLVKPGGSLRLSCAASGFTFSNYAMSWVRQTPEKRLEWVATISRSGSYSYFPDSVQGRFTISRDNAKNSLYLQMNSLRAEDTAVYYCARLGGYDEGDAMDSWGQGTTVTVSS,1,ARLGGYDEGDAMDS,IGHV5
cosibelimab,EVQLVQSGAEVKKPGSSVKVSCKASGGTFSRSAISWVRQAPGQGLEWMGVIIPAFGEANYAQKFQGRVTITADESTSTAYMELSSLRSEDTAVYYCARGRQMFGAGIDFWGQGTLVTVSS,1,ARGRQMFGAGIDF,IGHV1
crizanlizumab,QVQLVQSGAEVKKPGASVKVSCKVSGYTFTSYDINWVRQAPGKGLEWMGWIYPGDGSIKYNEKFKGRVTMTVDKSTDTAYMELSSLRSEDTAVYYCARRGEYGNYEGAMDYWGQGTLVTVSS,1,ARRGEYGNYEGAMDY,IGHV1
crovalimab,QVQLVESGGGLVQPGRSLRLSCAASGFTVHSSYYMAWVRQAPGKGLEWVGAIFTGSGAEYKAEWAKGRVTISKDTSKNQVVLTMTNMDPVDTATYYCASDAGYDYPTHAMHYWGQGTLVTVSS,1,ASDAGYDYPTHAMHY,IGHV3
daclizumab,QVQLVQSGAEVKKPGSSVKVSCKASGYTFTSYRMHWVRQAPGQGLEWIGYINPSTGYTEYNQKFKDKATITADESTNTAYMELSSLRSEDTAVYYCARGGGVFDYWGQGTLVTVSS,1,ARGGGVFDY,IGHV1
daratumumab,EVQLLESGGGLVQPGGSLRLSCAVSGFTFNSFAMSWVRQAPGKGLEWVSAISGSGGGTYYADSVKGRFTISRDNSKNTLYLQMNSLRAEDTAVYFCAKDKILWFGEPVFDYWGQGTLVTVSS,1,AKDKILWFGEPVFDY,IGHV3
datopotamab,QVQLVQSGAEVKKPGASVKVSCKASGYTFTTAGMQWVRQAPGQGLEWMGWINTHSGVPKYAEDFKGRVTISADTSTSTAYLQLSSLKSEDTAVYYCARSGFGSSYWYFDVWGQGTLVTVSS,1,ARSGFGSSYWYFDV,IGHV1
dazukibart,QVQLVQSGAEVKKPGSSVKVSCKASGYTFSRYWMHWVRQAPGQGLEWMGHIDPSDSYTYYNQKFKGRVTITADESTSTAYMELSSLRSEDTAVYYCARWDYGNLLFEYWGQGTLVTVSS,1,ARWDYGNLLFEY,IGHV1
delpacibart,QVQLVQSGAEVKKPGASVKVSCKASGYTFTNYWMHWVRQAPGQGLEWIGEINPINGRSNYAEKFQGRVTLTVDTSSSTAYMELSRLRSDDTAVYYCARGTRAMHYWGQGTLVTVSS,1,ARGTRAMHY,IGHV1
denosumab,EVQLLESGGGLVQPGGSLRLSCAASGFTFSSYAMSWVRQAPGKGLEWVSGITGSGGSTYYADSVKGRFTISRDNSKNTLYLQMNSLRAEDTAVYYCAKDPGTTVIMSWFDPWGQGTLVTVSS,1,AKDPGTTVIMSWFDP,IGHV3
depemokimab,QVTLRESGPALVKPTQTLTLTCTVSGFSLTGSSVHWVRQPPGKGLEWLGVIWASGGTDYNSALMSRLSISKDTSRNQVVLTMTNMDPVDTATYYCARDPPSGLLRLDYWGRGTLVTVSS,1,ARDPPSGLLRLDY,IGHV2
domvanalimab,EVQLVESGGGLVQPGGSLRLSCAASGFTFSNFGMHWVRQAPGKGLEWVAFISSGSSSIYYADTVKGRFTISRDNAKNSLYLQMNSLRAEDTAVYYCARMRLDYYAMDYWGQGTMVTVSS,1,ARMRLDYYAMDY,IGHV3
donanemab,QVQLVQSGAEVKKPGSSVKVSCKASGYDFTRYYINWVRQAPGQGLEWMGWINPGSGNTKYNEKFKGRVTITADESTSTAYMELSSLRSEDTAVYYCAREGITVYWGQGTTVTVSS,1,AREGITVY,IGHV1
dostarlimab,EVQLLESGGGLVQPGGSLRLSCAASGFTFSSYDMSWVRQAPGKGLEWVSTISGGGSYTYYQDSVKGRFTISRDNSKNTLYLQMNSLRAEDTAVYYCASPYYAMDYWGQGTTVTVSS,1,ASPYYAMDY,IGHV3
drotokibart,EVQLVESGGGLVQPGGSLRLSCAASGFTFSDYGMHWVRQAPGKGLEWVAFISSGSSIIYYADIVKGRSTISRDNAKNTLYLQMNSLRAEDTAVYYCTRGNKRGFFDYWGQGTLVTVSS,1,TRGNKRGFFDY,IGHV3
dupilumab,EVQLVESGGGLEQPGGSLRLSCAGSGFTFRDYAMTWVRQAPGKGLEWVSSISGSGGNTYYADSVKGRFTISRDNSKNTLYLQMNSLRAEDTAVYYCAKDRLSITIRPRYYGLDVWGQGTTVTVSS,1,AKDRLSITIRPRYYGLDV,IGHV3
durvalumab,EVQLVESGGGLVQPGGSLRLSCAASGFTFSRYWMSWVRQAPGKGLEWVANIKQDGSEKYYVDSVKGRFTISRDNAKNSLYLQMNSLRAEDTAVYYCAREGGWFGELAFDYWGQGTLVTVSS,1,AREGGWFGELAFDY,IGHV3
ebdarokimab,EVQLVQSGAEVKKPGESLKISCQSSGYTFTSYWIGWVRQMPGQGLEWIGIMSPVDSDIRYNPMFRGQVTMSVDKSSSTAYLQWSSLKASDTAMYYCARRRPGQGYFDFWGQGTMVTVSS,1,ARRRPGQGYFDF,IGHV5
eculizumab,QVQLVQSGAEVKKPGASVKVSCKASGYIFSNYWIQWVRQAPGQGLEWMGEILPGSGSTEYTENFKDRVTMTRDTSTSTVYMELSSLRSEDTAVYYCARYFFGSSPNWYFDVWGQGTLVTVSS,1,ARYFFGSSPNWYFDV,IGHV1
emactuzumab,QVQLVQSGAEVKKPGASVKVSCKASGYTFTSYDISWVRQAPGQGLEWMGVIWTDGGTNYAQKLQGRVTMTTDTSTSTAYMELRSLRSDDTAVYYCARDQRLYFDVWGQGTTVTVSS,1,ARDQRLYFDV,IGHV1
empasiprubart,EVQLVQSGAEVKKPGASVKVSCKASGYTFTDYNMDWVRQATGQGLEWIGDINPNYESTGYNQKFKGRATMTVDKSISTAYMELSSLRSEDTAVYYCAREDDHDAFAYWGQGTLVTVSS,1,AREDDHDAFAY,IGHV1
enlonstobart,QVQLVESGGGVVQPGRSLRLTCKASGLTFSSSGMHWVRQAPGKGLEWVAVIWYDGSKRYYADSVKGRFTISRDNSKNTLFLQMNSLRAEDTAVYYCATNNDYWGQGTLVTVSS,1,ATNNDY,IGHV3
eptinezumab,EVQLVESGGGLVQPGGSLRLSCAVSGIDLSGYYMNWVRQAPGKGLEWVGVIGINGATYYASWAKGRFTISRDNSKTTVYLQMNSLRAEDTAVYFCARGDIWGQGTLVTVSS,1,ARGDI,IGHV3
ersodetug,EVQLVETGGGVVQPGRSLRLSCAASGFTFSSYAMHWVRQAPGKGLEWYAVISYDGSNKYYADSVKGRFTISRDNSKNTLYLQMNSLRAEDTAVYYCARHEWGFGMDVWGQGTTVTVSS,1,ARHEWGFGMDV,IGHV3
evinacumab,EVQLVESGGGVIQPGGSLRLSCAASGFTFDDYAMNWVRQGPGKGLEWVSAISGDGGSTYYADSVKGRFTISRDNSKNSLYLQMNSLRAEDTAFFYCAKDLRNTIFGVVIPDAFDIWGQGTMVTVSS,1,AKDLRNTIFGVVIPDAFDI,IGHV3
evolocumab,EVQLVQSGAEVKKPGASVKVSCKASGYTLTSYGISWVRQAPGQGLEWMGWVSFYNGNTNYAQKLQGRGTMTTDPSTSTAYMELRSLRSDDTAVYYCARGYGMDVWGQGTTVTVSS,1,ARGYGMDV,IGHV1
feladilimab,QVQLVQSGAEVKKPGSSVKVSCKASGYTFTDYAMHWVRQAPGQGLEWMGLISIYSDHTNYNQKFQGRVTITADKSTSTAYMELSSLRSEDTAVYYCGRNNYGNYGWYFDVWGQGTTVTVSS,1,GRNNYGNYGWYFDV,IGHV1
fianlimab,QVQLVESGGGVVQPGRSLRLSCVASGFTFSSYGMHWVRQAPGKGLEWVAIIWYDGSNKYYADSVKGRFTISRDNSKNTQYLQMNSLRAEDTAVYYCASVATSGDFDYYGMDVWGQGTTVTVSS,1,ASVATSGDFDYYGMDV,IGHV3
ficlatuzumab,QVQLVQPGAEVKKPGTSVKLSCKASGYTFTTYWMHWVRQAPGQGLEWIGEINPTNGHTNYNQKFQGRATLTVDKSTSTAYMELSSLRSEDTAVYYCARNYVGSIFDYWGQGTLLTVSS,1,ARNYVGSIFDY,IGHV1
fremanezumab,EVQLVESGGGLVQPGGSLRLSCAASGFTFSNYWISWVRQAPGKGLEWVAEIRSESDASATHYAEAVKGRFTISRDNAKNSLYLQMNSLRAEDTAVYYCLAYFDYGLAIQNYWGQGTLVTVSS,1,LAYFDYGLAIQNY,IGHV3
freneslerbart,EVQLVESGGGLVKPGGSLRLSCAASGFTFRNYNINWVRQAPGKGLEWVSLISGSSSYIYYADSVKGRFTVSRDNAKNSLYLQMNSLRAEDTAVYYCARRTLSYYVMDVWGQGTTVTVSS,1,ARRTLSYYVMDV,IGHV3
garetosmab,QVQLQESGPGLVKPSETLSLTCTVSGGSFSSHFWSWIRQPPGKGLEWIGYILYTGGTSFNPSLKSRVSMSVGTSKNQFSLKLSSVTAADTAVYYCARARSGITFTGIIVPGSFDIWGQGTMVTVSS,1,ARARSGITFTGIIVPGSFDI,IGHV4
gevokizumab,QVQLQESGPGLVKPSQTLSLTCSFSGFSLSTSGMGVGWIRQPSGKGLEWLAHIWWDGDESYNPSLKSRLTISKDTSKNQVSLKITSVTAADTAVYFCARNRYDPPWFVDWGQGTLVTVSS,1,ARNRYDPPWFVD,IGHV8
golimumab,QVQLVESGGGVVQPGRSLRLSCAASGFIFSSYAMHWVRQAPGNGLEWVAFMSYDGSNKKYADSVKGRFTISRDNSKNTLYLQMNSLRAEDTAVYYCARDRGIAAGGNYYYYGMDVWGQGTTVTVSS,1,ARDRGIAAGGNYYYYGMDV,IGHV3
gotistobart,QVQLQESGPGLVKPSETLSLTCTVSGFSLTSYGLSWIRQPPGKGLEWIGYIWYDGNTNFHSPLKSRVTISVDTSKNQFSLKLSSVTAADTAVYYCAKTEGHYYGSNYGYYALDYWGQGTLVTVSS,1,AKTEGHYYGSNYGYYALDY,IGHV4
guselkumab,EVQLVQSGAEVKKPGESLKISCKGSGYSFSNYWIGWVRQMPGKGLEWMGIIDPSNSYTRYSPSFQGQVTISADKSISTAYLQWSSLKASDTAMYYCARWYYKPFDVWGQGTLVTVSS,1,ARWYYKPFDV,IGHV5
ianalumab,QVQLQQSGPGLVKPSQTLSLTCAISGDSVSSNSAAWGWIRQSPGRGLEWLGRIYYRSKWYNSYAVSVKSRITINPDTSKNQFSLQLNSVTPEDTAVYYCARYDWVPKIGVFDSWGQGTLVTVSS,1,ARYDWVPKIGVFDS,IGHV6
ifinatamab,QVQLVQSGAEVKKPGSSVKVSCKASGYTFTNYVMHWVRQAPGQGLEWMGYINPYNDDVKYNEKFKGRVTITADESTSTAYMELSSLRSEDTAVYYCARWGYYGSPLYYFDYWGQGTLVTVSS,1,ARWGYYGSPLYYFDY,IGHV1
inebilizumab,EVQLVESGGGLVQPGGSLRLSCAASGFTFSSSWMNWVRQAPGKGLEWVGRIYPGDGDTNYNVKFKGRFTISRDDSKNSLYLQMNSLKTEDTAVYYCARSGFITTVRDFDYWGQGTLVTVSS,1,ARSGFITTVRDFDY,IGHV3
ipilimumab,QVQLVESGGGVVQPGRSLRLSCAASGFTFSSYTMHWVRQAPGKGLEWVTFISYDGNNKYYADSVKGRFTISRDNSKNTLYLQMNSLRAEDTAIYYCARTGWLGPFDYWGQGTLVTVSS,1,ARTGWLGPFDY,IGHV3
itepekimab,EVQLVESGGNLEQPGGSLRLSCTASGFTFSRSAMNWVRRAPGKGLEWVSGISGSGGRTYYADSVKGRFTISRDNSKNTLYLQMNSLSAEDTAAYYCAKDSYTTSWYGGMDVWGHGTTVTVSS,1,AKDSYTTSWYGGMDV,IGHV3
itolizumab,EVQLVESGGGLVKPGGSLKLSCAASGFKFSRYAMSWVRQAPGKRLEWVATISSGGSYIYYPDSVKGRFTISRDNVKNTLYLQMSSLRSEDTAMYYCARRDYDLDYFDSWGQGTLVTVSS,1,ARRDYDLDYFDS,IGHV5
ixekizumab,QVQLVQSGAEVKKPGSSVKVSCKASGYSFTDYHIHWVRQAPGQGLEWMGVINPMYGTTDYNQRFKGRVTITADESTSTAYMELSSLRSEDTAVYYCARYDYFTGTGVYWGQGTLVTVSS,1,ARYDYFTGTGVY,IGHV1
latozinemab,QVQLQESGPGLVKPSETLSLTCAVSGYSISSGYYWGWIRQPPGKGLEWIGTIYHSGSTYYNPSLKSRVTISVDTSKNQFSLKLSSVTAADTAVYYCARQGSIKQGYYGMDVWGQGTTVTVSS,1,ARQGSIKQGYYGMDV,IGHV4
lebrikizumab,QVTLRESGPALVKPTQTLTLTCTVSGFSLSAYSVNWIRQPPGKALEWLAMIWGDGKIVYNSALKSRLTISKDTSKNQVVLTMTNMDPVDTATYYCAGDGYYPYAMDNWGQGSLVTVSS,1,AGDGYYPYAMDN,IGHV2
lemzoparlimab,EVQLVESGGGLVKPGGSLRLSCAASGLTFERAWMNWVRQAPGKGLEWVGRIKRKTDGETTDYAAPVKGRFSISRDDSKNTLYLQMNSLKTEDTAVYYCAGSNRAFDIWGQGTMVTVSS,1,AGSNRAFDI,IGHV3
lenvervimab,EVQLVESGGGLVKPGGSLRLSCSASGFSLTKYKMTWVRQAPGKGLEWVSSISSTSRDIDYADSVKGRFTISRDNAKNSLFLQMSSLRVDDTAVYYCTRDGWLWGWDVRSNYYYNALDVWGQGTTVTVSS,1,TRDGWLWGWDVRSNYYYNALDV,IGHV3
leronlimab,EVQLVESGGGLVKPGGSLRLSCAASGYTFSNYWIGWVRQAPGKGLEWIGDIYPGGNYIRNNEKFKDKTTLSADTSKNTAYLQMNSLKTEDTAVYYCGSSFGSNYVFAWFTYWGQGTLVTVSS,1,GSSFGSNYVFAWFTY,IGHV3
ligelizumab,QVQLVQSGAEVMKPGSSVKVSCKASGYTFSWYWLEWVRQAPGHGLEWMGEIDPGTFTTNYNEKFKARVTFTADTSTSTAYMELSSLRSEDTAVYYCARFSHFSGSNYDYFDYWGQGTLVTVSS,1,ARFSHFSGSNYDYFDY,IGHV1
litifilimab,DVQLVESGGGLVKPGGSLRLSCAASGFTFSTYTMSWVRQAPGKGLEWVATISPGDSFGYYYPDSVQGRFTISRDNAKNSLYLQMNSLRAEDTAVYYCTRDIYYNYGAWFAYWGQGTLVTVSS,1,TRDIYYNYGAWFAY,IGHV3
lusvertikimab,QVQLVESGGGLVKPGGSLRLSCAVSGFTLSDYYMAWIRQAPGKGLEWVSTISASGLRTYYPDSVKGRFTISRDNAKNSLYLQMNSLRAEDTAVYYCARPLSAHYGFNYFDYWGQGTLVTVSS,1,ARPLSAHYGFNYFDY,IGHV3
manfidokimab,QVQLVQSGAEVVKPGASVKVSCKTSGYTFTEYTIHWVRQAPGQSLEWIGGINPNNGGTVYNQKFQGKVTLTVDKSTSTAYMELSSLRSEDTAVYYCARVRRGMDYWGQGTSVTVSS,1,ARVRRGMDY,IGHV1
marstacimab,EVQLLESGGGLVQPGGSLRLSCAASGFTFSSYAMSWVRQAPGKGLEWVSAISGSGGSTYYADSVKGRFTISRDNSKNTLYLQMNSLRAEDTAVYYCAILGATSLSAFDIWGQGTMVTVSS,1,AILGATSLSAFDI,IGHV3
masavibart,QVQLVESGGGVVQPGRSLRLSCAASGFTFSNYAMYWVRQAPGKGLEWVAVISYDGSNKYYADSVKGRFTISRDNSKNTLYLQMNSLRTEDTAVYYCASGSDYGDYLLVYWGQGTLVTVSS,1,ASGSDYGDYLLVY,IGHV3
mepolizumab,QVTLRESGPALVKPTQTLTLTCTVSGFSLTSYSVHWVRQPPGKGLEWLGVIWASGGTDYNSALMSRLSISKDTSRNQVVLTMTNMDPVDTATYYCARDPPSSLLRLDYWGRGTPVTVSS,1,ARDPPSSLLRLDY,IGHV2
mevonlerbart,EVQLVESGGGLVQPGGSLRLSCAASGFTFSSYAMSWVRQAPGKGLEWVSAISGRGYNADYADSVKGRFTISRDNSKNTLYLQMNSLRAEDTAVYYCAKLEYFDYWGQGTLVTVSS,1,AKLEYFDY,IGHV3
mibavademab,QVQLVESGGSVVQPGRSLRLSCAASGFTFSTYAMYWVRQTPGKGLEWVAVLYSDGSNKYYIDSVKGRFTISRDTSTNTLYLQMSSLRADDSALYYCARLNWDYWYFDLWGRGTLVTVSS,1,ARLNWDYWYFDL,IGHV3
mirikizumab,QVQLVQSGAEVKKPGSSVKVSCKASGYKFTRYVMHWVRQAPGQGLEWMGYINPYNDGTNYNEKFKGRVTITADKSTSTAYMELSSLRSEDTAVYYCARNWDTGLWGQGTTVTVSS,1,ARNWDTGL,IGHV1
mogamulizumab,EVQLVESGGDLVQPGRSLRLSCAASGFIFSNYGMSWVRQAPGKGLEWVATISSASTYSYYPDSVKGRFTISRDNAKNSLYLQMNSLRVEDTALYYCGRHSDGNFAFGYWGQGTLVTVSS,1,GRHSDGNFAFGY,IGHV3
monalizumab,QVQLVQSGAEVKKPGASVKVSCKASGYTFTSYWMNWVRQAPGQGLEWMGRIDPYDSETHYAQKLQGRVTMTTDTSTSTAYMELRSLRSDDTAVYYCARGGYDFDVGTLYWFFDVWGQGTTVTVSS,1,ARGGYDFDVGTLYWFFDV,IGHV1
nadunolimab,QVQLVQSGAEVKKPGSSVKVSCKASGYAFTSSWMNWVRQAPGQGLEWMGRIYPGDGNTHYAQKFQGRVTLTADKSTSTAYMELSSLRSEDTAVYYCGEGYLDPMDYWGQGTLVTVSS,1,GEGYLDPMDY,IGHV1
natalizumab,QVQLVQSGAEVKKPGASVKVSCKASGFNIKDTYIHWVRQAPGQRLEWMGRIDPANGYTKYDPKFQGRVTITADTSASTAYMELSSLRSEDTAVYYCAREGYYGNYGVYAMDYWGQGTLVTVSS,1,AREGYYGNYGVYAMDY,IGHV1
necitumumab,QVQLQESGPGLVKPSQTLSLTCTVSGGSISSGDYYWSWIRQPPGKGLEWIGYIYYSGSTDYNPSLKSRVTMSVDTSKNQFSLKVNSVTAADTAVYYCARVSIFGVGTFDYWGQGTLVTVSS,1,ARVSIFGVGTFDY,IGHV4
nemolizumab,QVQLVQSGAEVKKPGASVKVSCKASGYTFTGYIMNWVRQAPGQGLEWMGLINPYNGGTDYNPQFQDRVTITADKSTSTAYMELSSLRSEDTAVYYCARDGYDDGPYTLETWGQGTLVTVSS,1,ARDGYDDGPYTLET,IGHV1
nimotuzumab,QVQLQQSGAEVKKPGSSVKVSCKASGYTFTNYYIYWVRQAPGQGLEWIGGINPTSGGSNFNEKFKTRVTITADESSTTAYMELSSLRSEDTAFYFCTRQGLWFDSDGRGFDFWGQGTTVTVSS,1,TRQGLWFDSDGRGFDF,IGHV1
nirsevimab,QVQLVQSGAEVKKPGSSVMVSCQASGGLLEDYIINWVRQAPGQGPEWMGGIIPVLGTVHYGPKFQGRVTITADESTDTAYMELSSLRSEDTAMYYCATETALVVSETYLPHYFDNWGQGTLVTVSS,1,ATETALVVSETYLPHYFDN,IGHV1
nisevokitug,QVQLVQSGAEVKKPGSSVKVSCKASGGTFSSYAISWVRQAPGQGLEWMGGIIPIFGTANYAQKFQGRVTITADESTSTAYMELSSLRSEDTAVYYCARGLWEVRALPSVYWGQGTLVTVSS,1,ARGLWEVRALPSVY,IGHV1
nivolumab,QVQLVESGGGVVQPGRSLRLDCKASGITFSNSGMHWVRQAPGKGLEWVAVIWYDGSKRYYADSVKGRFTISRDNSKNTLFLQMNSLRAEDTAVYYCATNDDYWGQGTLVTVSS,1,ATNDDY,IGHV3
nofazinlimab,QVQLVQSGAEVKKPGSSVKVSCKASGFTFTTYYISWVRQAPGQGLEYLGYINMGSGGTNYNEKFKGRVTITADKSTSTAYMELSSLRSEDTAVYYCAIIGYFDYWGQGTMVTVSS,1,AIIGYFDY,IGHV1
obinutuzumab,QVQLVQSGAEVKKPGSSVKVSCKASGYAFSYSWINWVRQAPGQGLEWMGRIFPGDGDTDYNGKFKGRVTITADKSTSTAYMELSSLRSEDTAVYYCARNVFDGYWLVYWGQGTLVTVSS,1,ARNVFDGYWLVY,IGHV1
ociperlimab,EVQLVESGGGLVQPGGSLRLSCAASGFTFSDYYMYWVRQAPGKGLEWVAYITKGGGSTYYPDSVKGRFTISRDNAKNTLYLQMNSLRAEDTAVYYCARQTNYDFTMDYWGQGTLVTVSS,1,ARQTNYDFTMDY,IGHV3
odesivimab,EVQLVESGGGLVQPGGSLRLSCAASGFTFSSYDMHWVRQATGKGLEWVSAIGTAGDTYYPGSVKGRFTISRENAKNSLYLQMNSLRAGDTAVYYCARTWFGELYFDYWGQGTLVTVSS,1,ARTWFGELYFDY,IGHV3
ofatumumab,EVQLVESGGGLVQPGRSLRLSCAASGFTFNDYAMHWVRQAPGKGLEWVSTISWNSGSIGYADSVKGRFTISRDNAKKSLYLQMNSLRAEDTALYYCAKDIQYGNYYYGMDVWGQGTTVTVSS,1,AKDIQYGNYYYGMDV,IGHV3
olaratumab,QLQLQESGPGLVKPSETLSLTCTVSGGSINSSSYYWGWLRQSPGKGLEWIGSFFYTGSTYYNPSLRSRLTISVDTSKNQFSLMLSSVTAADTAVYYCARQSTYYYGSGNYYGWFDRWDQGTLVTVSS,1,ARQSTYYYGSGNYYGWFDR,IGHV4
oleclumab,EVQLLESGGGLVQPGGSLRLSCAASGFTFSSYAYSWVRQAPGKGLEWVSAISGSGGRTYYADSVKGRFTISRDNSKNTLYLQMNSLRAEDTAVYYCARLGYGRVDEWGRGTLVTVSS,1,ARLGYGRVDE,IGHV3
olokizumab,EVQLVESGGGLVQPGGSLRLSCAASGFNFNDYFMNWVRQAPGKGLEWVAQMRNKNYQYGTYYAESLEGRFTISRDDSKNSLYLQMNSLKTEDTAVYYCARESYYGFTSYWGQGTLVTVSS,1,ARESYYGFTSY,IGHV3
omalizumab,EVQLVESGGGLVQPGGSLRLSCAVSGYSITSGYSWNWIRQAPGKGLEWVASITYDGSTNYNPSVKGRITISRDDSKNTFYLQMNSLRAEDTAVYYCARGSHYFGHWHFAVWGQGTLVTVSS,1,ARGSHYFGHWHFAV,IGHV3
omectatug,QVQLVQSGAEVKKPGASVKVSCKASGYTFTSYVINWVRQATGQGLEWIGEIHPRGGNTYYSEKFRGRVTLTADTSISTAYMELSSLRSEDTAVYYCARLRRGNAMDYWDQGTTVTVSS,1,ARLRRGNAMDY,IGHV1
ongericimab,QVQLQESGPGLVKPSQTLSLTCTVSGFSISSYGIHWIRQSPGKGLEWIGVIWRGGITDYNAPFMSRVTISKDNSKNQVSFKLSSVTAADTAVYYCANHRDWGQGTLVTVSS,1,ANHRD,IGHV4
pamrevlumab,EGQLVQSGGGLVHPGGSLRLSCAGSGFTFSSYGMHWVRQAPGKGLEWVSGIGTGGGTYSTDSVKGRFTISRDNAKNSLYLQMNSLRAEDMAVYYCARGDYYGSGSFFDCWGQGTLVTVSS,1,ARGDYYGSGSFFDC,IGHV3
panitumumab,QVQLQESGPGLVKPSETLSLTCTVSGGSVSSGDYYWTWIRQSPGKGLEWIGHIYYSGNTNYNPSLKSRLTISIDTSKTQFSLKLSSVTAADTAIYYCVRDRVTGAFDIWGQGTMVTVSS,1,VRDRVTGAFDI,IGHV4
paridiprubart,QVQLQESGPGLVKPSDTLSLTCAVSGYSITGGYSWHWIRQPPGKGLEWMGYIHYSGYTDFNPSLKTRITISRDTSKNQFSLKLSSVTAVDTAVYYCARKDPSDAFPYWGQGTLVTVSS,1,ARKDPSDAFPY,IGHV4
pembrolizumab,QVQLVQSGVEVKKPGASVKVSCKASGYTFTNYYMYWVRQAPGQGLEWMGGINPSNGGTNFNEKFKNRVTLTTDSSTTTAYMELKSLQFDDTAVYYCARRDYRFDMGFDYWGQGTTVTVSS,1,ARRDYRFDMGFDY,IGHV1
pemivibart,EVQLVESGGGLVKPGGSLRLSCAASGFTFGSYEMNWVRQAPGKGLEWVSSISEDGYSTYYPDSLKGRFTISRDSAKNSLYLQMNSLRADDTAVYYCARDFGGDTAWAGTGFTYWGQGTLVTVSS,1,ARDFGGDTAWAGTGFTY,IGHV3
pertuzumab,EVQLVESGGGLVQPGGSLRLSCAASGFTFTDYTMDWVRQAPGKGLEWVADVNPNSGGSIYNQRFKGRFTLSVDRSKNTLYLQMNSLRAEDTAVYYCARNLGPSFYFDYWGQGTLVTVSS,1,ARNLGPSFYFDY,IGHV3
pozelimab,QVQLQESGPGLVKPSETLSLTCTVSGDSVSSSYWTWIRQPPGKGLEWIGYIYYSGSSNYNPSLKSRATISVDTSKNQFSLKLSSVTAADTAVYYCAREGNVDTTMIFDYWGQGTLVTVSS,1,AREGNVDTTMIFDY,IGHV4
pulocimab,EVQLVQSGGGLVKPGGSLRLSCAASGFTFSSYSMNWVRQAPGKGLEWVSSISSSSSYIYYADSVKGRFTISRDNAKNSLYLQMNSLRAEDTAVYYCARVTDAFDIWGQGTMVTVSS,1,ARVTDAFDI,IGHV3
rademikibart,EVQLVESGGGLVQPGGSLRLSCAASGFTFSRNAMFWVRQAPGKGLEWVSGIGTGGATSYADSVKGRFTISRDNAKNSLYLQMNSLRAEDTAVYYCARGRYYFDYWGQGTLVTVSS,1,ARGRYYFDY,IGHV3
ravulizumab,QVQLVQSGAEVKKPGASVKVSCKASGHIFSNYWIQWVRQAPGQGLEWMGEILPGSGHTEYTENFKDRVTMTRDTSTSTVYMELSSLRSEDTAVYYCARYFFGSSPNWYFDVWGQGTLVTVSS,1,ARYFFGSSPNWYFDV,IGHV1
relatlimab,QVQLQQWGAGLLKPSETLSLTCAVYGGSFSDYYWNWIRQPPGKGLEWIGEINHRGSTNSNPSLKSRVTLSLDTSKNQFSLKLRSVTAADTAVYYCAFGYSDYEYNWFDPWGQGTLVTVSS,1,AFGYSDYEYNWFDP,IGHV4
remternetug,EVQLLESGGGLVQPGGSLRLSCAASGFTFSSYPMSWVRQAPGKGLEWVSAISGSGGSTYYADSVKGRFTISRDNSKNTLYLQMNSLRAEDTAVYYCAREGGSGSYYNGFDYWGQGTLVTVSS,1,AREGGSGSYYNGFDY,IGHV3
reslizumab,EVQLVESGGGLVQPGGSLRLSCAVSGLSLTSNSVNWIRQAPGKGLEWVGLIWSNGDTDYNSAIKSRFTISRDTSKSTVYLQMNSLRAEDTAVYYCAREYYGYFDYWGQGTLVTVSS,1,AREYYGYFDY,IGHV3
rinatabart,EVQLLESGGGVVQPGRSLRLSCAASGFTFSSYGMHWVRQAPGKGLEWVAVISYDGSNKYYADSVKGRFTISRANSKNTLYLQMNSLRAEDTAVYYCARPRAYYGAYGSSFDYWGQGTQVTVSS,1,ARPRAYYGAYGSSFDY,IGHV3
risankizumab,QVQLVQSGAEVKKPGSSVKVSCKASGYTFTDQTIHWMRQAPGQGLEWIGYIYPRDDSPKYNENFKGKVTITADKSTSTAYMELSSLRSEDTAVYYCAIPDRSGYAWFIYWGQGTLVTVSS,1,AIPDRSGYAWFIY,IGHV1
rocatinlimab,QITLKESGPTLVKPKQTLTLTCTFSGFSLSTSGMGVGWIRQPPGKALEWLAVIYWDDHQLYSPSLKSRLTITKDTSKNQVVLTMTNMDPVDTATYYCAHRRGAFQHWGQGTLVTVSS,1,AHRRGAFQH,IGHV2
sarilumab,EVQLVESGGGLVQPGRSLRLSCAASRFTFDDYAMHWVRQAPGKGLEWVSGISWNSGRIGYADSVKGRFTISRDNAENSLFLQMNGLRAEDTALYYCAKGRDSFDIWGQGTMVTVSS,1,AKGRDSFDI,IGHV3
sasanlimab,QVQLVQSGAEVKKPGASVKVSCKASGYTFTSYWINWVRQAPGQGLEWMGNIYPGSSLTNYNEKFKNRVTMTRDTSTSTVYMELSSLRSEDTAVYYCARLSTGTFAYWGQGTLVTVSS,1,ARLSTGTFAY,IGHV1
secukinumab,EVQLVESGGGLVQPGGSLRLSCAASGFTFSNYWMNWVRQAPGKGLEWVAAINQDGSEKYYVGSVKGRFTISRDNAKNSLYLQMNSLRVEDTAVYYCVRDYYDILTDYYIHYWYFDLWGRGTLVTVSS,1,VRDYYDILTDYYIHYWYFDL,IGHV3
seniprutug,QVQLVQSGSELKKPGESVKVSCKASGYTFTDYLVHWVRQAPGQGLEWMGWINTYTGTPTYADDFEGRFVFSLDTSVSTANLQISSLKAEDTAVYFCARSWRRGLRGIGFDYWGQGTLVTVSS,1,ARSWRRGLRGIGFDY,IGHV7
serplulimab,QVQLVESGGGLVKPGGSLRLSCAASGFTFSNYGMSWIRQAPGKGLEWVSTISGGGSNIYYADSVKGRFTISRDNAKNSLYLQMNSLRAEDTAVYYCVSYYYGIDFWGQGTSVTVSS,1,VSYYYGIDF,IGHV3
setrusumab,QVQLVESGGGLVQPGGSLRLSCAASGFTFRSHWLSWVRQAPGKGLEWVSNINYDGSSTYYADSVKGRFTISRDNSKNTLYLQMNSLRAEDTAVYYCARDTYLHFDYWGQGTLVTVSS,1,ARDTYLHFDY,IGHV3
sibeprenlimab,QVQLVQSGAEVKKPGASVKVSCKASGYTFTDYTIHWVRQATGQGLEWMGWIYPLRGSINYAQKFQGRVTMTADKSISTVYMELSSLRSEDTAVYFCARHGAYYSNAFDYWGQGTLVTVSS,1,ARHGAYYSNAFDY,IGHV1
sigvotatug,QFQLVQSGAEVKKPGASVKVSCKASGYSFTDYNVNWVRQAPGQGLEWIGVINPKYGTTRYNQKFKGRATLTVDKSTSTAYMELSSLRSEDTAVYYCTRGLNAWDYWGQGTLVTVSS,1,TRGLNAWDY,IGHV1
siltartoxatug,QVQLQESGAGLVKPSETLSLTCGVAGGPFTGSYLSWIRQPPGKGLEWIGEVSQSGSTSYNPSLKSRVTISVDTSKSQFSLKLSSVTAADTAVYYCARLTKHYINSAYWGQGTLVTVSS,1,ARLTKHYINSAY,IGHV4
sintilimab,QVQLVQSGAEVKKPGSSVKVSCKASGGTFSSYAISWVRQAPGQGLEWMGLIIPMFDTAGYAQKFQGRVAITVDESTSTAYMELSSLRSEDTAVYYCARAEHSSTGTFDYWGQGTLVTVSS,1,ARAEHSSTGTFDY,IGHV1
socazolimab,EVQLVESGAEVKKPGSSVKVSCKASGGTFSSYAISWVRQAPGQGLEWMGGIIPIFGTANYAQKFQGRVTITADESTSTAYMELSSLRSEDTAVYYCARAPYYYYYMDVWGQGTTVTVSS,1,ARAPYYYYYMDV,IGHV1
solanezumab,EVQLVESGGGLVQPGGSLRLSCAASGFTFSRYSMSWVRQAPGKGLELVAQINSVGNSTYYPDTVKGRFTISRDNAKNTLYLQMNSLRAEDTAVYYCASGDYWGQGTLVTVSS,1,ASGDY,IGHV3
sonesitatug,QVQLQESGPGLVKPSETLSLTCTVSGGSISSNYAWNWIRQPPGKGLEWIGYIYYSGNTNYNPSLKSRVTISRDTSKNQFSLKLSSVTAADTAVYYCATSYYGNSFIYWGQGTLVTVSS,1,ATSYYGNSFIY,IGHV4
sotrovimab,QVQLVQSGAEVKKPGASVKVSCKASGYPFTSYGISWVRQAPGQGLEWMGWISTYQGNTNYAQKFQGRVTMTTDTSTTTGYMELRRLRSDDTAVYYCARDYTRGAWFGESLIGGFDNWGQGTLVTVSS,1,ARDYTRGAWFGESLIGGFDN,IGHV1
spesolimab,QVQLVQSGAEVKKPGASVKVSCKASGYSFTSSWIHWVKQAPGQGLEWMGEINPGNVRTNYNENFRNKVTMTVDTSISTAYMELSRLRSDDTAVYYCTVVFYGEPYFPYWGQGTLVTVSS,1,TVVFYGEPYFPY,IGHV1
stapokibart,EVQLLESGGGLVQPGGSLRLSCAASGFTFSRYAMSWVRQAPGKGLEWVSTISSGGSYTNYADSVKGRFTISRDNVKNTLYLQMNSLRAEDTAVYYCARATARATEFAYWGQGTLVTVSS,1,ARATARATEFAY,IGHV3
sugemalimab,EVQLLESGGGLVQPGGSLRLSCAASGFTFSSYAMSWVRQAPGKGLEWVSGISGSGGFTYYADSVKGRFTISRDNSKNTLYLQMNSLRAEDTAVYYCAKPPRGYNYGPFDYWGQGTLVTVSS,1,AKPPRGYNYGPFDY,IGHV3
suvemcitug,EVQLVESGGGLVKPGGSLRLSCAASGFSFSNNDVMCWVRQAPGKGLEWIGCIMTTDVVTEYANWAKSRFTVSRDSAKNSVYLQMNSLRAEDTAVYFCARDSVGSPLMSFDLWGPGTLVTVSS,1,ARDSVGSPLMSFDL,IGHV3
tafolecimab,QLQLQESGPGLVKPSETLSLTCTVSGGSISSASYYWSWIRQPPGKGLEWIGSINYRGSTYYNPSLKSRVTISVDTSKNQFSLKLSSVTAADTAVYYCARENSGVVPAAGPNWFGPWGQGTLVTVSS,1,ARENSGVVPAAGPNWFGP,IGHV4
tagitanlimab,QVQLQESGPGLVKPSETLSITCTVSGFSLSNYDISWIRQPPGKGLEWLGVIWTGGATNYNPALKSRLTISRDNSKNQVSLKMSSVTAADTAVYYCVRDSNYRYDEPFTYWGQGTLVTVSS,1,VRDSNYRYDEPFTY,IGHV4
tarcocimab,EVQLVESGGGLVQPGGSLRLSCAASGYDFTHYGMNWVRQAPGKGLEWVGWINTYTGEPTYAADFKRRFTFSLDTSKSTAYLQMNSLRAEDTAVYYCAKYPYYYGTSHWYFDVWGQGTLVTVSS,1,AKYPYYYGTSHWYFDV,IGHV3
telikibart,EVQLVESGGGLVQPGGSLRLSCAVSGFTFSSYAMSWVRQAPGKGLEWVSSITGGGGGIYYADSVKGRFTISRDNSKNTVYLQMNSLRAEDTAVYYCAKDRISITIRPRYFGLDFWGQGTTVTVSS,1,AKDRISITIRPRYFGLDF,IGHV3
teprotumumab,QVELVESGGGVVQPGRSQRLSCAASGFTFSSYGMHWVRQAPGKGLEWVAIIWFDGSSTYYADSVRGRFTISRDNSKNTLYLQMNSLRAEDTAVYFCARELGRRYFDLWGRGTLVSVSS,1,ARELGRRYFDL,IGHV3
tezepelumab,QMQLVESGGGVVQPGRSLRLSCAASGFTFRTYGMHWVRQAPGKGLEWVAVIWYDGSNKHYADSVKGRFTITRDNSKNTLNLQMNSLRAEDTAVYYCARAPQWELVHEAFDIWGQGTMVTVSS,1,ARAPQWELVHEAFDI,IGHV3
tildrakizumab,QVQLVQSGAEVKKPGASVKVSCKASGYIFITYWMTWVRQAPGQGLEWMGQIFPASGSADYNEKFEGRVTMTTDTSTSTAYMELRSLRSDDTAVYYCARGGGGFAYWGQGTLVTVSS,1,ARGGGGFAY,IGHV1
tiragolumab,EVQLQQSGPGLVKPSQTLSLTCAISGDSVSSNSAAWNWIRQSPSRGLEWLGKTYYRFKWYSDYAVSVKGRITINPDTSKNQFSLQLNSVTPEDTAVFYCTRESTTYDLLAGPFDYWGQGTLVTVSS,1,TRESTTYDLLAGPFDY,IGHV6
tislelizumab,QVQLQESGPGLVKPSETLSLTCTVSGFSLTSYGVHWIRQPPGKGLEWIGVIYADGSTNYNPSLKSRVTISKDTSKNQVSLKLSSVTAADTAVYYCARAYGNYWYIDVWGQGTTVTVSS,1,ARAYGNYWYIDV,IGHV4
tisotumab,EVQLLESGGGLVQPGGSLRLSCAASGFTFSNYAMSWVRQAPGKGLEWVSSISGSGDYTYYTDSVKGRFTISRDNSKNTLYLQMNSLRAEDTAVYYCARSPWGYYLDSWGQGTLVTVSS,1,ARSPWGYYLDS,IGHV3
tizetatug,EVQLVQSGSELKKPGASVKVSCKASGYTFTNYGMNWVKQAPGQGLKWMGWINTYTGEPTYTQDFKGRFAFSLDTSVSTAYLQISSLKAEDTAVYYCARGGFGSSYWYFDVWGQGTLVTVSS,1,ARGGFGSSYWYFDV,IGHV7
tocilizumab,QVQLQESGPGLVRPSQTLSLTCTVSGYSITSDHAWSWVRQPPGRGLEWIGYISYSGITTYNPSLKSRVTMLRDTSKNQFSLRLSSVTAADTAVYYCARSLARTTAMDYWGQGSLVTVSS,1,ARSLARTTAMDY,IGHV4
tosatoxumab,EVQMVQSGAEVKKPGEPLKISCKGSGYKFGTHWIGWVRQRPGKGLEWMGIIHPADSETKYSPSFQGQVSFSADKSSNTAYLHWSTLRASDTAMYYCARRSGSSSWYALDFWGQGTMVTVSS,1,ARRSGSSSWYALDF,IGHV5
tozorakimab,EVQLLESGGGLVQPGGSLRLSCAASGFTFSSYAMSWVRQAPGKGLEWVSGISAIDQSTYYADSVKGRFTISRDNSKNTLYLQMNSLRAEDTAVYYCARQKFMQLWGGGLRYPFGYWGQGTMVTVSS,1,ARQKFMQLWGGGLRYPFGY,IGHV3
tralokinumab,QVQLVQSGAEVKKPGASVKVSCKASGYTFTNYGLSWVRQAPGQGLEWMGWISANNGDTNYGQEFQGRVTMTTDTSTSTAYMELRSLRSDDTAVYYCARDSSSSWARWFFDLWGRGTLVTVSS,1,ARDSSSSWARWFFDL,IGHV1
tremelimumab,QVQLVESGGGVVQPGRSLRLSCAASGFTFSSYGMHWVRQAPGKGLEWVAVIWYDGSNKYYADSVKGRFTISRDNSKNTLYLQMNSLRAEDTAVYYCARDPRGATLYYYYYGMDVWGQGTTVTVSS,1,ARDPRGATLYYYYYGMDV,IGHV3
tulisokibart,QVQLVQSGAEVKKPGASVKVSCKASGFDIQDTYMHWVKQRPGQGLEWMGRIDPASGHTKYDPKFQVRVTITRDTSTSTVYLELSSLRSEDTAVYYCARSGGLPDVWGQGTTVTVSS,1,ARSGGLPDV,IGHV1
tuvonralimab,QVQLVESGGGVVEPGRSLRLSCAASGFTFSSYGMHWVRQAPGKGLEWVAVIWYKPSEKDYADSAKGRFTISRDNSKNTLYLQMNSLRAEDTAVYYCARGGLLGYFDYWGQGTLVTVSS,1,ARGGLLGYFDY,IGHV3
umesolerbart,EVQLVESGGDLVQPGGSLRLSCAASGFTFSSYEMNWVRQAPGKGLEWVSFISDSSSNIYYADSVKGRFTISRDNAKKSLYLQMTSLRAEDTAVYYCAREAIGSTSFDNWGQGTLVTVSS,1,AREAIGSTSFDN,IGHV3
ustekinumab,EVQLVQSGAEVKKPGESLKISCKGSGYSFTTYWLGWVRQMPGKGLDWIGIMSPVDSDIRYSPSFQGQVTMSVDKSITTAYLQWNSLKASDTAMYYCARRRPGQGYFDFWGQGTLVTVSS,1,ARRRPGQGYFDF,IGHV5
vecantoxatug,QVQLVQSGAEVKKPGSSVKVSCKASGYTFTSYWIYWVRQAPGQGLEWIGEINPTNAFANYNEKFKTKATITVDKSTSTAYMELSSLRSEDTAVYYCAIHFRFPYWGQGTMVTVSS,1,AIHFRFPY,IGHV1
vedolizumab,QVQLVQSGAEVKKPGASVKVSCKGSGYTFTSYWMHWVRQAPGQRLEWIGEIDPSESNTNYNQKFKGRVTLTVDISASTAYMELSSLRSEDTAVYYCARGGYDGWDYAIDYWGQGTLVTVSS,1,ARGGYDGWDYAIDY,IGHV1
vilamakitug,QVQLVQSGAEVKKPGSSVKVSCKASGGRFTNYAILWVRQAPGQGLQWLGGIIPIFDETDHAQDFQDRLTITVDESMTTAYMELSSLRPEDTAIYYCATGSNSYYGLYWGQGTLVTVSS,1,ATGSNSYYGLY,IGHV1
vunakizumab,EVQLVQSGAEVKKPGASVKVSCKASGYTFTDYEVHWVRQAPGQGLEWMGVIDPGTGGVAYNQKFEGRVTMTADTSTSTAYMELRSLRSDDTAVYYCTRYSLFYGSSPYAMDYWGQGTLVTVSS,1,TRYSLFYGSSPYAMDY,IGHV1
xeligekimab,EVQLVESGGGLVQPGGSLRLSCAASGMSMSDYWMNWVRQAPGKGLEWVAAINQDGDEKYYVGSVKGRFTISRDNAKNSLYLQMNSLRVEDTAVYYCVRDYYDLISDYYIHYWYFDLWGRGTLVTVSS,1,VRDYYDLISDYYIHYWYFDL,IGHV3
zamerovimab,QVQLVQSGAEVKKPGASVKVSCKASGYSFTDYIMLWVRQAPGQRLEWIGDIYPYYGSTSYNLKFKGKATLTVDTSASTAYMELSSLRSEDTAVYYCARQGGDGNYVLFDYWGQGTLVTVSS,1,ARQGGDGNYVLFDY,IGHV1
zigakibart,QVQLVQSGAEVKKPGASVKVSCKASGYTFTSYVMHWVRQAPGQGLEWMGYINPYNDAPKYNEKFKGKATMTSDTSASTAYMELSSLRSDDTAVYYCARGLGYALYYAMDYWGQGTTVTVSS,1,ARGLGYALYYAMDY,IGHV1
ziltivekimab,EVQLVESGGGLVQPGGSLRLSCAASGFTISSNYMIWVRQAPGKGLEWVSDLYYYAGDTYYADSVKGRFTMSRDISKNTVYLQMNSLRAEDTAVYYCARWADDHPPWIDLWGRGTLVTVSS,1,ARWADDHPPWIDL,IGHV3
zimberelimab,QLQLQESGPGLVKPSETLTLTCTVSADSISSTTYYWVWIRQPPGKGLEWIGSISYSGSTYYNPSLKSRVTVSVDTSKNQFSLKLNSVAATDTALYYCARHLGYNGRYLPFDYWGQGTLVTVSS,1,ARHLGYNGRYLPFDY,IGHV4
